t,price_usd_close,us_spot_etf_flows_net,us_spot_etf_balances_all_total,us_spot_etf_balances_all_GBTC,us_spot_etf_flows_all_total,us_spot_etf_flows_all_GBTC,etfFlow_sma_meandev,etfFlow_upper,etfFlow_lower,etfmvrv_sma_meandev,etfmvrv_upper,etfmvrv_lower
2024-01-17,42730.92623338343,374731733.6182763,27790134945.4,25251510000.0,374731733.61827636,-587670852.1908814,,,,,,
2024-01-18,41261.24249519073,17279579.94393032,26825745445.838474,23707970000.0,17279579.94393032,-444730502.267461,,,,,,
2024-01-19,41609.56250778722,-474580055.1977401,27044944937.189137,23536551516.45,-474580055.1977401,-672603667.7682326,,,,,,
2024-01-20,41648.71864578855,0.0,27044944937.189137,23536551516.45,0.0,0.0,,,,,,
2024-01-21,41535.75916314732,0.0,27044944937.189137,23536551516.45,0.0,0.0,,,,,,
2024-01-22,39450.40187133021,465918081.7079001,26232045247.489998,22175195701.96,465918081.70790005,-500384268.7906437,,,,,,
2024-01-23,39827.34939619788,-214204194.27907547,25554293199.990047,21017918127.29,-214204194.27907547,-626946286.2637734,,,,,,
2024-01-24,40110.3806221753,-274871659.9690956,25625518616.289997,20712006164.68,-274871659.9690956,-521514560.48636365,,,,,,
2024-01-25,39928.14467734016,-92541410.42687716,25586923801.906662,20385825902.75,-92541410.42687717,-433217552.7704919,,,,,,
2024-01-26,41874.34393455977,-224893436.9642896,26920131045.242752,21101517635.67,-224893436.9642896,-407773854.79789215,,,,,,
2024-01-27,42115.22347863907,0.0,26920131045.242752,21101517635.67,0.0,0.0,,,,0.8696358928543342,,
2024-01-28,42023.43720200737,0.0,26920131045.242752,21101517635.67,0.0,0.0,,,,0.8696358928543342,,
2024-01-29,43260.518364565825,259014783.59596747,27731630793.43,21431132778.35,259014783.59596747,-274107759.2076885,,,,0.8738781562413857,,
2024-01-30,42911.953177663134,270757428.89239955,28128667315.61,21436507050.86,270757428.89239955,-194731122.10679317,,,,0.8707089520672651,,
2024-01-31,42585.02506743466,168466417.60562685,27851098093.703228,20708067322.02,168466417.60562685,-217886693.23445132,,,,0.8929073791922725,,
2024-02-01,43049.060500137675,35159861.989245445,28131141933.92,20741536941.51,35159861.989245445,-190414067.96938604,,,,0.9012975245639643,,
2024-02-02,43163.942721844,72421631.93889436,28193024924.01,20535776990.36,72421631.93889436,-329579428.21899736,,,,0.8849289166401599,,
2024-02-03,42978.42812586093,0.0,28193024924.01,20535776990.36,0.0,0.0,,,,0.8849289166401599,,
2024-02-04,42597.65284241104,0.0,28193024924.01,20535776990.36,0.0,0.0,,,,0.8849289166401599,,
2024-02-05,42660.52223439984,-7966544.388087288,27825439613.66,20124111451.28,-7966544.3880872885,-108667643.72008528,,,,0.8772766320977003,,
2024-02-06,43100.80183361348,145100111.45076528,28381593283.370003,20345630177.49,145100111.45076528,-73627661.58141477,,,,0.9006643132943072,,
2024-02-07,44243.073358111855,394895104.7736352,29009351949.18,20788414167.0,394895104.7736352,-81620475.30046551,,,,0.8635518784560989,,
2024-02-08,45330.38151855335,501236603.4968661,30367102634.280003,21333717972.25,501236603.4968661,-102436566.12903419,,,,0.9040794934649027,,
2024-02-09,47132.70022822099,504726946.0718326,32230567125.60177,22180612815.16,504726946.0718326,-54589972.46850071,,,,0.9700607069790845,,
2024-02-10,47778.30304073163,0.0,32230567125.60177,22180612815.16,0.0,0.0,,,,0.9700607069790845,,
2024-02-11,48254.94409132965,0.0,32230567125.60177,22180612815.16,0.0,0.0,,,,0.9700607069790845,,
2024-02-12,49971.508918197025,605908111.0487475,34378640762.64,23357966045.25,605908111.0487475,-95908715.04604658,,,,1.0043906637312423,,
2024-02-13,49757.69965167232,409461513.2914278,34359002900.610004,22907018487.04,409461513.2914278,-74157284.83566014,,,,0.9982942350400744,,
2024-02-14,51819.51461911969,481037817.60575366,36620587633.20393,23890469768.44,481037817.60575366,-132279745.51091197,,,,1.0680771470152028,,
2024-02-15,51932.74411520152,309862015.58292603,37097106418.11,23762014745.55,309862015.58292603,-175682984.0751786,3726920441.3890295,,,1.0766909293498943,,
2024-02-16,52182.30523643026,-454842295.66577816,37335950913.73057,23641856490.11,-454842295.66577816,3691610.13917596,2897346412.104975,,,1.1658025750332306,,
2024-02-17,51665.38478447679,0.0,37335950913.73057,23641856490.11,0.0,0.0,2880066832.1610446,,,1.1658025750332306,,
2024-02-18,52122.54545558931,0.0,37335950913.73057,23641856490.11,0.0,0.0,3354646887.3587847,,,1.1658025750332306,,
2024-02-19,51770.63461692279,557988955.1089141,37598682929.84,23641856490.11,557988955.1089141,-158191469.7647614,3912635842.467699,,,1.1101693732285494,,
2024-02-20,52300.93374582081,48056963.93476693,37870691611.01192,23567339254.06,48056963.93476693,-137714563.21923748,3960692806.402466,,,1.1235673101064254,,
2024-02-21,51847.05828695659,94508200.45426495,37233523748.61,22960580835.05,94508200.45426495,-200758511.47364625,3589282925.1488304,,,1.0899283667006148,,
2024-02-22,51321.394587837734,211483509.1651696,37962951611.36277,23200264709.92,211483509.1651696,-56631099.03742763,4014970628.5930758,,,1.1078288351980488,,
2024-02-23,50723.74776329093,467694846.292932,37547018538.22,22759668648.77,467694846.292932,-47037556.11377815,4757537134.8551035,,,1.0605889727391602,,
2024-02-24,51569.852896552395,0.0,37547018538.22,22759668648.77,0.0,0.0,4850078545.2819805,,,1.0605889727391602,,
2024-02-25,51730.16571220854,0.0,37547018538.22,22759668648.77,0.0,0.0,5074971982.24627,,,1.0605889727391602,,
2024-02-26,54521.83188833384,645881373.677822,40629177647.92999,24214128487.78,645881373.677822,-23453941.66305273,5720853355.924091,,,1.1357064747371812,,
2024-02-27,57040.002844995666,728514106.6733931,42757438419.9,25305382657.32,728514106.6733931,-126080133.59172462,6449367462.597485,,,1.1407886158253973,,
2024-02-28,62547.6812033348,444353808.84353304,45950489621.720955,26646926255.95,444353808.84353304,-216076709.74502754,6634706487.845051,,,1.2207469996037856,,
2024-02-29,61296.28783919828,-243786899.52390027,47767794502.066246,27201202543.22,-243786899.52390027,-601937601.6788656,6120162159.428751,,,1.2793509460588928,,
2024-03-01,62486.38913275429,395700861.42454,48532250630.50001,27021159350.66,395700861.42454004,-493406982.7365675,6347396603.247664,,,1.2664688446453218,,
2024-03-02,62022.12807711209,0.0,48532250630.50001,27021159350.66,0.0,0.0,6312236741.258419,,,1.2664688446453218,,
2024-03-03,63119.390901245846,0.0,48532250630.50001,27021159350.66,0.0,0.0,6239815109.319524,,,1.2664688446453218,,
2024-03-04,68365.42639097848,665335769.8635198,52434885480.38,28484524794.47,665335769.8635198,-368285772.9000982,6905150879.1830435,,,1.3370448477230983,,
2024-03-05,63889.51842693471,217576802.39133504,48431084506.17,25706596585.35,217576802.39133504,-335027263.23744243,7122727681.574379,,,1.2184506804171649,,
2024-03-06,66125.97716824335,561534226.9783279,53040466623.63999,27516596934.96,561534226.9783279,-276478852.9248211,7692228452.940794,,,1.3206236414735057,,
2024-03-07,66996.43550696514,141810075.0241422,54184431468.49623,27488931257.79,141810075.0241422,-373847761.5804955,7688938416.514172,,,1.348002376381461,,
2024-03-08,68350.04413064609,542292796.5546424,55427465910.130005,27729057617.19,542292796.5546424,-305849673.3392553,7836336108.295177,,,1.3405223473784782,,
2024-03-09,68511.18707639222,0.0,55427465910.130005,27729057617.19,0.0,0.0,7335099504.798313,,,1.3405223473784782,,
2024-03-10,68989.04103917917,0.0,55427465910.130005,27729057617.19,0.0,0.0,6830372558.7264805,,,1.3405223473784782,,
2024-03-11,72106.09190897494,683301344.8584293,58128821956.49,28501805520.97,683301344.8584293,-495035301.574814,7513673903.584909,,,1.3580198115512758,,
2024-03-12,71455.53510572789,905459956.7218648,57924731478.67999,27763098120.01,905459956.7218647,-80025685.02890368,8419133860.306774,,,1.3196252818458414,,
2024-03-13,73104.5022761031,126363902.20628034,60629162904.10493,28484876845.76,126363902.20628034,-277194395.0435969,7939589651.464307,,,1.3875904799875227,,
2024-03-14,71401.28095361925,88439852.01535283,57747264732.81785,26609896112.94,88439852.01535283,-257873928.97456962,7618567990.188231,,,1.3189881322564696,,
2024-03-15,69522.72820350363,362538261.34586793,57972683671.380005,26183031174.66,362538261.34586793,-142392932.93631956,7500068433.928346,,,1.3183700130446407,,
2024-03-16,65222.44086567228,0.0,57972683671.380005,26183031174.66,0.0,0.0,7190206418.34542,,,1.3183700130446407,,
2024-03-17,68550.5518606481,0.0,57972683671.380005,26183031174.66,0.0,0.0,7645048714.011198,,,1.3183700130446407,,
2024-03-18,67725.64608349965,-514705626.3627085,56117546011.64192,25321722005.95,-514705626.36270845,-643818326.5904638,7130343087.64849,,,1.2662089180869003,,
2024-03-19,61860.497272942885,-312700563.33384365,53933203959.82247,23742893574.31,-312700563.33384365,-441027123.9669215,6817642524.314646,,,1.231991412853693,,
2024-03-20,67880.97212392565,-138789898.0532062,54469831375.10118,23758535527.04,-138789898.0532062,-392095507.4107352,6120863671.152525,,,1.2411955285145093,,
2024-03-21,65471.572577690014,-236850318.17944217,53901050898.10544,23238037693.57,-236850318.17944217,-360512631.8999967,5835956389.038317,,,1.2323542948571893,,
2024-03-22,63582.344461741835,126578264.43724678,52706359262.59122,22401295233.19,126578264.43724678,-173123428.61678973,5868026453.021298,,,1.200899080166962,,
2024-03-23,64015.462395880066,0.0,52706359262.59122,22401295233.19,0.0,0.0,5656542943.856129,,,1.200899080166962,,
2024-03-24,67255.20335053414,0.0,52706359262.59122,22401295233.19,0.0,0.0,5188848097.563196,,,1.200899080166962,,
2024-03-25,69962.14171966423,284475114.6738102,58569369169.17819,24679518943.75,284475114.6738102,-351092545.48535943,5473323212.237006,,,1.3196657711388158,1.4016048163273072,1.1394434531232307
2024-03-26,70007.28641487475,378856917.0357292,57698841686.17,23789991119.59,378856917.03572917,-213908812.68681782,5852180129.272736,,,1.288320333182807,1.4071238748984727,1.1491064852483088
2024-03-27,69478.68964281777,-42025366.95513472,57111748422.16743,23306149482.54,-42025366.95513472,-301094402.0976512,5164273388.639779,,,1.2705618111482126,1.4074002297050239,1.157820486202493
2024-03-28,70747.30476773762,-637815658.3124613,58596584663.81511,23747956844.79,-637815658.3124613,2942953.333473254,3797943623.6539254,,,1.3480464061029418,1.411771172685299,1.1672667292407206
2024-03-29,69898.04850404928,759793008.6202617,59094619321.97749,23747956844.79,759793008.6202617,-109868761.79521556,4113382823.4306536,,,1.3208977462872482,1.409275777311168,1.176438841060416
2024-03-30,69661.22972139201,0.0,59094619321.97749,23747956844.79,0.0,0.0,4357169722.954554,,,1.3208977462872482,1.4032813357219887,1.1852030693314854
2024-03-31,71354.85087466771,0.0,59094619321.97749,23747956844.79,0.0,0.0,3961468861.530014,,,1.3208977462872482,1.3985002926312822,1.1936127058649872
2024-04-01,69704.08885361027,-179920744.89084008,58068349208.15477,23258912704.17,-179920744.89084008,-303057152.1512849,3781548116.639174,,,1.2928587381781556,1.3924982344197614,1.20137409031203
2024-04-02,65458.84823298128,108039347.8388269,55114978217.65,21758227180.8,108039347.8388269,-82868350.29769942,3889587464.4780006,,,1.2252887360745341,1.3868743537853898,1.2042526303750154
2024-04-03,66041.84638252274,191212378.91245672,55116156355.3696,21606978919.55,191212378.91245672,-76006112.66313978,3415464073.526938,,,1.2184043663666202,1.3769159345566409,1.2063016841799996
2024-04-04,68539.45602108122,335143313.2802236,57438943367.1139,22371913586.33,335143313.2802236,-80553092.85594703,3533030584.415826,,,1.2591003469452142,1.3752795391819594,1.2106480573232177
2024-04-05,67887.10700078699,-116156647.35836628,56848624298.88999,21962131491.09,-116156647.35836627,-201608436.4901444,2855339710.079132,,,1.2479842850520564,1.3672435104623601,1.213841462281387
2024-04-06,68960.28535495602,0.0,56848624298.88999,21962131491.09,0.0,0.0,2713529635.05499,,,1.2479842850520564,1.357768143828628,1.2166489561598255
2024-04-07,69374.90042085954,0.0,56848624298.88999,21962131491.09,0.0,0.0,2171236838.5003476,,,1.2479842850520564,1.3492185929135345,1.219029302919824
2024-04-08,71634.15423038145,-158970597.31946704,60404621642.53939,23127903430.94,-158970597.31946704,-304515147.0514328,2012266241.1808803,,,1.332716076005742,1.3444021273435858,1.2233253503982573
2024-04-09,69148.7225107242,-28702266.41429384,57818164179.53209,21971645764.12,-28702266.41429384,-156165031.66766936,1983563974.7665865,,,1.2716285569334556,1.3366639146868207,1.226470643692021
2024-04-10,70514.28371120086,198587322.846173,58606101889.34913,22140933066.21,198587322.846173,-18329988.500205338,1498849952.7543304,,,1.284608940892732,1.3284746151712348,1.229765885163704
2024-04-11,70090.10010874529,-24490032.4666244,59109767180.87215,22260385753.44,-24490032.4666244,-125637977.34631078,568899963.565841,,,1.294200260291379,1.3239010273697223,1.232644471528252
2024-04-12,67246.1811739544,-96028147.33229657,56251705549.51703,21006980711.46,-96028147.33229657,-168915331.11122805,346507914.0272641,,,1.2302902439466816,1.3139855918361778,1.232073224659074
2024-04-13,64459.339491542734,0.0,56251705549.51703,21006980711.46,0.0,0.0,258068062.01191127,6405553654.416088,2041191747.2905426,1.2302902439466816,1.3089014194945996,1.231244204446666
2024-04-14,65771.22528599312,0.0,56251705549.51703,21006980711.46,0.0,0.0,-104470199.33395666,6234818223.478056,1704957936.0110865,1.2302902439466816,1.304038691874845,1.2302349474598901
2024-04-15,63488.451171049936,-68140495.74122687,53171788500.96154,19747454120.96,-68140495.74122687,-110483567.12274948,-172610695.0751835,6080407447.871704,1368514237.3893995,1.1599658640780697,1.299268491960344,1.2244448707766198
2024-04-16,63749.04751670838,-101012172.43881546,52763799103.50119,19446062321.57,-101012172.43881546,-80091610.79828423,-273622867.513999,5892150553.354723,1028859693.1380329,1.156871370856476,1.2944883684856467,1.2184584181054392
2024-04-17,61331.6803360844,-74248201.37040344,51200140901.42432,18823819454.54,-74248201.37040344,-134470220.91017509,166834557.47830608,5735192664.734498,721583679.7469139,1.1189543240617907,1.2931335977292748,1.209996215926804
2024-04-18,63521.500028711096,24263782.591717552,53120803261.22118,19470501289.16,24263782.591717552,-90546011.12867257,503798903.4038673,5595913871.465467,439939564.95522594,1.1617284820150626,1.2933604879921015,1.2050851302747352
2024-04-19,64013.440650011675,38514240.07707044,53665252383.359436,19614091057.16,38514240.07707044,-48146472.19169655,681103041.5341439,5473380512.707207,199822215.07225943,1.1729013434995492,1.2933659112101494,1.2005267613890236
2024-04-20,64900.55033938684,0.0,53665252383.359436,19614091057.16,0.0,0.0,917953359.7135861,5343299079.935658,2036779.2221603394,1.1729013434995492,1.2931844011658544,1.1967447413428092
2024-04-21,64949.46071605513,0.0,53665252383.359436,19614091057.16,0.0,0.0,791375095.2763393,5205044986.180089,-198152550.8719349,1.1729013434995492,1.2928484817325219,1.195214144998314
2024-04-22,66857.5356562364,71221179.90697213,55715165177.42136,20261557317.88,71221179.90697213,-35663557.67029601,862596275.1833113,5059640315.775702,-372344325.0457363,1.2202461506128075,1.2924306476608307,1.196921783766395
2024-04-23,66403.1484328433,-60034107.22278457,55836177158.04814,20185300001.79,-60034107.22278457,-67727351.63055272,802562167.9605268,4908882759.935415,-514005831.1789603,1.2272094379877374,1.2918861472006868,1.1992203080812571
2024-04-24,64267.784807425625,-151918574.1999685,53771743615.379074,19358023195.07,-151918574.1999685,-131557479.57294728,366168479.0867481,4751758093.650567,-697358147.1041288,1.1822499726544768,1.2876249903164356,1.194320411733219
2024-04-25,64509.80033896809,-234302329.5823043,54038622634.791466,19442892138.42,-234302329.5823043,-140397900.51895747,-246990767.53128538,4586993006.205906,-939204452.779736,1.1931564138106812,1.2856008264526646,1.190000314305515
2024-04-26,63787.11946301585,-65179685.09559125,53223108899.8114,19052609573.56,-65179685.09559125,-84727135.71048312,-270145085.6717419,4416808098.197882,-1131314109.7258134,1.1764734857895502,1.2840026242831104,1.1853259614511582
2024-04-27,63486.509332613685,0.0,53223108899.8114,19052609573.56,0.0,0.0,367670572.64071935,4245757802.176448,-1188948683.7719262,1.1764734857895502,1.2780816687591265,1.179808722287583
2024-04-28,63054.53910677473,0.0,53223108899.8114,19052609573.56,0.0,0.0,-392122435.9795423,4072502859.938351,-1316060758.8278422,1.1764734857895502,1.273921431096395,1.1743406759171342
2024-04-29,63830.83144851215,-177945846.85412928,52412800501.60327,18705115450.62,-177945846.85412928,-25420825.613975316,-570068282.8336716,3895732089.2899055,-1467772521.8986118,1.1658739753871532,1.2696351079106953,1.168292081042828
2024-04-30,60734.71301640639,-430309080.86666775,49468392397.380005,17555247347.15,-430309080.86666775,-94857913.39674304,-1000377363.7003393,3716099186.9931126,-1618929367.950509,1.112711222511887,1.2651779429226249,1.1588701444458742
2024-05-01,58295.17616105241,94590030.26229326,47838594880.62284,16816031469.68,94590030.26229326,-168725874.7142086,-725866588.547206,3534269922.384578,-1737594417.0210671,1.0683199569397719,1.2620980514318607,1.1469807838540793
2024-05-02,59132.39907534907,-57065214.11643761,48866424842.7,17336706726.57,-57065214.11643761,-55628245.38777487,-890971150.5024705,3349740290.0314455,-1871768692.3332987,1.0873999309810138,1.2589107058338491,1.1409755424458565
2024-05-03,62880.9316945143,266662176.4677231,50668652499.98999,18084763677.23,266662176.4677231,60570193.819382235,-815521352.9472041,3164386992.54407,-1968481089.944199,1.1182952906216452,1.2557439506865167,1.1374683592101904
2024-05-04,63892.45498744941,0.0,50668652499.98999,18084763677.23,0.0,0.0,-1150664666.2274277,2977818141.5528226,-2094158588.9958358,1.1182952906216452,1.2523755791804605,1.131449726961342
2024-05-05,64044.04745645259,0.0,50668652499.98999,18084763677.23,0.0,0.0,-1034508018.8690614,2792301558.3548126,-2167965187.727705,1.1182952906216452,1.2489438191877278,1.1262355539920474
2024-05-06,63165.90748546369,51954745.23583399,51697991141.84001,18466096997.94,51954745.23583399,3157849.7354849814,-982553273.6332273,2608206448.34877,-2230275604.9675436,1.140343142514599,1.245503589138097,1.1224997078725145
2024-05-07,62364.82072933595,-1384701.5779003932,51715410681.21,18424522003.91,-1384701.5779003932,-29399367.24663997,-983937975.2111278,2426900143.2939315,-2259314287.4934707,1.1413470160621824,1.2420476933032847,1.1188464524413348
2024-05-08,61158.57647176613,23391784.32776375,51503473846.17999,18138935294.07,23391784.32776375,-745803.5080990702,-801575593.563897,2248381606.493396,-2268385206.3425865,1.143056470257302,1.2351329157324002,1.113117256295657
2024-05-09,63046.764714503515,-37499043.48505431,51635001511.14,18224024898.01,-37499043.48505431,-44073278.96165874,-810372370.6346575,2072144038.8468146,-2278410061.722755,1.144499435780967,1.231410254714162,1.1083646425703955
2024-05-10,60784.67096824597,-44141505.061152786,50179829570.82001,17647275689.2,-44141505.061152786,-105235256.06333968,-1053101198.5419832,1899754107.6441598,-2276150207.2731876,1.1094218665152629,1.2272085963101076,1.1008871626826187
2024-05-11,60777.849157629746,0.0,50179829570.82001,17647275689.2,0.0,0.0,-1028611166.0753589,1734311646.1827273,-2217208487.787835,1.1094218665152629,1.222133957262443,1.0936432421452094
2024-05-12,61478.16353132309,0.0,50179829570.82001,17647275689.2,0.0,0.0,-932583018.7430624,1575884730.059813,-2144054300.516276,1.1094218665152629,1.2181616321138369,1.089557675465054
2024-05-13,62894.269218947535,124840681.83955932,52125717844.07001,18265372979.27,124840681.83955933,-757433.1520334585,-807742336.9035031,1424451913.4138556,-2063675510.4646792,1.1531772259904547,1.214328046118927,1.0882503935962151
2024-05-14,61574.30573314524,227537863.61241832,51025420654.97,17809671029.05,227537863.61241832,-51637935.02178482,-580204473.2910848,1280939990.5004592,-1951879205.8150916,1.1179541985681833,1.2103416416304023,1.0847477283928404
2024-05-15,66226.02714541563,26261443.798218045,54916230317.64,19066108920.44,26261443.798218045,1962357.5189565187,-485802533.7516397,1145260984.559001,-1837079655.785397,1.2128835216289748,1.2108283667957183,1.0877888470642512
2024-05-16,65259.43310639857,218254116.0389139,54489578411.270004,18826875577.35,218254116.03891394,-11145327.809554337,-166536245.27391037,1030219723.4838119,-1714899286.5608687,1.1960693562152567,1.2103300372188193,1.090900375665069
2024-05-17,67021.33035845091,277268248.4676158,56159479340.240005,19373184484.83,277268248.4676158,74273835.04133597,184980204.56410882,946329962.267918,-1629799815.5392547,1.2276424029951136,1.2119794291106794,1.0964968557020973
2024-05-18,66935.46093854148,0.0,56159479340.240005,19373184484.83,0.0,0.0,160716421.97239128,868219200.1040673,-1574561218.8041692,1.2276424029951136,1.2136336532357157,1.0992368929757312
2024-05-19,66309.34380026271,0.0,56159479340.240005,19373184484.83,0.0,0.0,122202181.89532083,794206001.367587,-1537808077.3769436,1.2276424029951136,1.2153029363891066,1.1012170137887112
2024-05-20,71409.6796868195,135261840.07149097,58689594519.350006,20274181160.02,135261840.07149097,82005379.97036245,257464021.9668118,735408583.4881742,-1523043282.0139825,1.2835893923349158,1.2206450909457311,1.1032540624877774
2024-05-21,70157.41284601412,277714151.39025193,58596940656.18999,20056924436.62,277714151.39025193,-95743217.99221416,535178173.3570638,701050829.3455163,-1505765322.6659431,1.2710641375085192,1.225074267339106,1.1053690723616676
2024-05-22,69173.29954215219,10038858.121361325,58808730663.71999,20144582328.59,10038858.121361325,16618719.066054212,473995851.5714529,668372639.4085786,-1498993827.6364625,1.2757431084204471,1.2297322150952161,1.1044109217927334
2024-05-23,67901.10680650045,32470995.812764492,57444921074.59,19401975304.53,32470995.812764492,-16174444.301867535,566500954.607002,646997397.6106286,-1493356000.0620809,1.2516556651127504,1.2327279370919844,1.1030449482709657
2024-05-24,68529.72023454972,-45396043.460171126,58176270435.26999,20002254770.2,-45396043.460171126,-14976732.24764304,673023485.3467994,638057324.22521,-1463958926.2593253,1.2576250181232937,1.2361905501261397,1.104607338268065
2024-05-25,69279.52637138467,0.0,58176270435.26999,20002254770.2,0.0,0.0,907325814.9291036,650231688.7167711,-1399178851.920194,1.2576250181232937,1.2396872690659166,1.1054085262824622
2024-05-26,68518.4773050655,0.0,58176270435.26999,20002254770.2,0.0,0.0,972505500.0246949,671408885.4242772,-1337512676.2479377,1.2576250181232937,1.2431983622201659,1.107307535283796
2024-05-27,69385.73672562964,84068236.02440615,58567983881.03,20002254770.2,84068236.02440615,0.0,1056573736.049101,701236597.7418603,-1321413511.004962,1.2676880658955887,1.2474696122705762,1.109117257240455
2024-05-28,68280.59426435464,41077192.470694125,58195918072.439995,19758059667.68,41077192.470694125,-3235058.9234207654,1097650928.5197952,737153602.7740571,-1258012291.7372031,1.2612221506315149,1.2513761075207765,1.1108606729797186
2024-05-29,67573.78972130302,29716158.32611426,57538695219.36,19312248182.92,29716158.32611426,-104150925.13526298,1305312933.7000387,790305693.4729977,-1186138968.000563,1.2479257204596488,1.25447725412155,1.1132296427171116
2024-05-30,68378.32320553702,-96175242.26874542,58032610782.350006,19696139217.19,-96175242.26874542,-32399422.988509763,1639446772.297961,868313397.9553908,-1088158396.7497358,1.2545708606000479,1.2580951066046693,1.1190690994398695
2024-05-31,67488.32417024332,73281921.78080761,57555016111.850006,19385303504.33,73281921.78080761,-797851.0673887015,1618138663.8164754,947304350.1532656,-1010882332.1233653,1.2454930807994542,1.2611604022759477,1.127815345359237
2024-06-01,67705.14871616491,0.0,57555016111.850006,19385303504.33,0.0,0.0,1675203877.932913,1032560076.1661754,-925059722.9072495,1.2454930807994542,1.2642032486753092,1.135312042281105
2024-06-02,67753.80985707564,0.0,57555016111.850006,19385303504.33,0.0,0.0,1408541701.46519,1102268237.4946387,-846497013.9415531,1.2454930807994542,1.267215996503079,1.1407791471318558
2024-06-03,68808.69959745751,1161629014.8246555,58922582667.56,19713334277.04,1161629014.8246555,-129703173.6668657,2570170716.2898455,1250488177.4426637,-746661261.7217599,1.2264689370772395,1.2689967252047762,1.146209994860531
2024-06-04,70619.76594760151,556439339.926055,59857090448.23,20092929215.24,556439339.926055,-821198.0813624857,3126610056.2159004,1435502661.8900511,-654267874.4968166,1.2222481818145465,1.2705246658925582,1.151612246918943
2024-06-05,71114.46347087465,208500714.73614803,60645832701.43,20357176358.4,208500714.73614803,27658841.35081492,3283156025.716214,1630320626.0922806,-564705218.7424166,1.2321531001353214,1.2727305246738545,1.1555270519790277
2024-06-06,70799.08271358031,362628740.6335103,60469088468.83,20124647767.13,362628740.63351035,13575348.583410693,3647169467.927625,1847766227.9647958,-473410324.40568185,1.220073555948166,1.2741620924305672,1.159343920214714
2024-06-07,69343.5217611093,121387550.49051656,59801759679.62,19757235483.65,121387550.49051657,-37739801.6065125,3745165234.0903783,2069819437.589373,-392347478.8533076,1.2042105428272076,1.275650972077043,1.161931978739565
2024-06-08,69307.35232829291,0.0,59801759679.62,19757235483.65,0.0,0.0,3782664277.575433,2292373583.1098332,-308699181.1597614,1.2042105428272076,1.277347451977073,1.1642162393092845
2024-06-09,69646.02740206437,0.0,59801759679.62,19757235483.65,0.0,0.0,3826805782.636585,2515283878.0456123,-206282344.0169692,1.2042105428272076,1.2793439049334248,1.1685390314403958
2024-06-10,69482.52340832476,-47869392.62418973,60205908196.79,19778813428.5,-47869392.62418973,-38867188.46184189,3778936390.0123954,2731436172.999282,-101931468.56478882,1.2168455362519564,1.281665026849235,1.173379487507032
2024-06-11,67329.08602109464,-20960012.59395194,58643734927.19,19132359451.55,-20960012.59395194,-39136262.139746055,3757976377.418443,2942400613.265143,-191949.08654880524,1.186743055158589,1.2842063593940172,1.1759929008718049
2024-06-12,68237.54074402753,-204177116.070256,59004141772.06,19067563763.35,-204177116.070256,-122075259.37431137,3428958579.5086284,3127907321.9842415,96748069.95516086,1.2035628442090944,1.286763490014579,1.1767948114658189
2024-06-13,66751.05848137726,-63051947.08367346,58111848282.060005,18785850666.58,-63051947.08367346,-770982.5870453519,3138368768.8125362,3290438222.247883,182122052.4984274,1.1862905444201517,1.289647234812034,1.1784668230584951
2024-06-14,66010.3307548423,-170630305.26721472,57258958732.69,18406174616.53,-170630305.26721472,-61309518.4625197,2941477019.7471037,3436382908.4462485,264662669.86664534,1.17517355347688,1.2881919546009972,1.177408105392726
2024-06-15,66188.60983396665,0.0,57258958732.69,18406174616.53,0.0,0.0,2723222903.7081895,3552727255.8563538,340968932.3886802,1.17517355347688,1.2878779545093422,1.176329051968489
2024-06-16,66625.38252501369,0.0,57258958732.69,18406174616.53,0.0,0.0,2445954655.240574,3624660591.3754263,419767226.91470456,1.17517355347688,1.2855215504428243,1.175187532733791
2024-06-17,66492.79817934972,-54740500.51825247,58010039747.12,18679232453.75,-54740500.51825247,-55544792.4941161,2391214154.7223215,3691702612.1280847,501425055.01204205,1.1906120177777255,1.2831972391938207,1.175043151634969
2024-06-18,65160.12415372169,-94422704.00338994,56731777996.12999,18045363614.73,-94422704.00338994,-3599082.9013939155,2296791450.7189317,3751980190.698475,586120094.3632262,1.1732073324811418,1.2808732679325743,1.1737381181952837
2024-06-19,64929.80450336612,-141708562.97144353,56107464015.659996,18045363614.73,-141708562.97144353,0.0,2019821047.6759973,3795948523.482628,659642229.9596841,1.1582718976451039,1.2748032424421696,1.171453644039701
2024-06-20,64855.253992402555,-90956443.80989674,56456976102.96999,18148829955.87,-90956443.80989674,-64429137.606899634,1651150452.4758482,3822357885.4598765,707631019.9236884,1.1673040731168094,1.2695620147508773,1.1697775341048795
2024-06-21,64066.10516192014,-130839475.46877325,55567961500.15,17872337917.38,-130839475.46877325,-53188585.121895626,1510272118.8857138,3853565708.7158346,745508281.1553476,1.1502297397482526,1.2639310596533846,1.1670409312908927
2024-06-22,64259.33012541279,0.0,55567961500.15,17872337917.38,0.0,0.0,1477801123.0729492,3879356790.6084366,780470543.8271425,1.1502297397482526,1.2598204011116942,1.1643898614749493
2024-06-23,63216.66424396606,0.0,55567961500.15,17872337917.38,0.0,0.0,1523197166.5331204,3899331957.882215,817173621.9657855,1.1502297397482526,1.2552762076660724,1.161774369695569
2024-06-24,60318.180447384606,-107948124.96381088,51642495347.670006,16451331711.26,-107948124.96381089,-33755823.68821848,1415249041.5693095,3905533902.9717293,844833225.3189518,1.0708908732315963,1.2505961636198064,1.1540054707490546
2024-06-25,61802.37023043007,-50557950.31684641,53578030405.09,17136165004.03,-50557950.31684641,-95436242.98444621,1364691091.252463,3909207020.362564,867305814.009968,1.110275423184379,1.2458425661706463,1.1489357618689537
2024-06-26,60778.06531776231,-15176763.6512437,52588983762.1,16815580710.13,-15176763.6512437,-30426145.931373693,1265446091.5768132,3908273117.0394783,882164541.0349014,1.0878411201228644,1.2403196184637038,1.1424689131910486
2024-06-27,61588.17699551594,26648779.339808416,53118015754.799995,16927948357.95,26648779.339808416,3668302.6401047623,1251017678.4459276,3906426445.4565973,894235662.6128578,1.100651475038562,1.2351434850957534,1.1369403348528018
2024-06-28,60301.98189503706,46177876.12913373,52007949862.990005,16533313720.52,46177876.12913373,-11881354.537074769,1267479396.2489471,3892777359.838458,905362512.4009235,1.0752097848718467,1.2307530424164663,1.1298163818262354
2024-06-29,60871.08684403626,0.0,52007949862.990005,16533313720.52,0.0,0.0,1363654638.5176926,3859479387.205145,920274342.7822199,1.0752097848718467,1.2258779221304414,1.1227340970637139
2024-06-30,62754.31036085512,0.0,52007949862.990005,16533313720.52,0.0,0.0,1290372716.7368848,3829842221.032023,928060445.8167014,1.0752097848718467,1.221615642528825,1.115644156936823
2024-07-01,62833.06706734281,136169671.76731405,54895370347.920006,17406921426.52,136169671.76731405,-30689998.85571757,1426542388.5041988,3798975722.2944803,942349511.9256642,1.134770216535683,1.2174059965778246,1.1124722786035717
2024-07-02,62024.394515203814,21852934.720862344,53731338561.42,17012127256.74,21852934.720862344,-697806.845313586,1448395323.2250612,3788402164.961643,955579977.3758249,1.108982198488991,1.213186002746677,1.1075915469473547
2024-07-03,60232.047441225994,-26122259.308232285,52348558645.06,16377294467.29,-26122259.308232285,-31907041.065417692,260644049.09217337,3701954794.1019626,888058903.7556615,1.0845116577782579,1.2101967477938513,1.1011169832802488
2024-07-04,57170.33824918639,19273828.826048546,51888929999.95,16377294467.29,19273828.826048546,0.0,-276521462.00783306,3579253674.532613,783884588.7767622,1.0689335812248937,1.2074340301814308,1.0936587275200256
2024-07-05,56740.66900761379,113652700.40546706,49152738886.98,15483623304.21,113652700.40546706,-26863584.95207484,-371369476.3385141,3446795250.1046805,672707979.7343793,1.004625568121925,1.2038601873760781,1.082064068191152
2024-07-06,58208.97853862018,0.0,49152738886.98,15483623304.21,0.0,0.0,-733998216.9720243,3290346973.705142,537078410.4739413,1.004625568121925,1.200939734796602,1.0706213215822122
2024-07-07,55884.88145343433,0.0,49152738886.98,15483623304.21,0.0,0.0,-855385767.4625409,3127305857.145977,393416126.92957807,1.004625568121925,1.1979509421396328,1.060304449258829
2024-07-08,56650.62117229776,252171564.8048117,49096384367.66,15462929200.8,252171564.80481166,-30379220.267661605,-603214202.6577291,2961994980.096672,266335105.29667234,0.9944074312371352,1.1946626892397343,1.0496058280527225
2024-07-09,58021.534037779216,276442962.7655454,50696954309.479996,15862722077.2,276442962.7655454,24985225.06136044,-326771239.8921837,2794548369.3306785,156876581.2274146,1.024568930460737,1.19106951379686,1.0412228960044991
2024-07-10,57720.30081057975,74720075.5790523,50531274842.15001,15698625395.87,74720075.5790523,-37900721.351395056,-204181771.6889417,2631209084.0667276,54674655.71127701,1.0208712841313554,1.1871392295519219,1.0320882301080634
2024-07-11,57369.02621388974,120339516.47491112,50672144643.78,15685352726.62,120339516.47491111,-8812775.135262202,-62882242.62007865,2470233467.171398,-39073635.39596224,1.02157319037078,1.1829395108031717,1.0252766245376266
2024-07-12,57907.28272750807,271650068.2455656,51175086880.350006,15706856794.08,271650068.2455656,-38478905.24569075,412944941.69574296,2332548689.335167,-102456433.4139235,1.026705805814968,1.1784873002137404,1.0179383659007828
2024-07-13,59225.00122748089,0.0,51175086880.350006,15706856794.08,0.0,0.0,475996888.7794164,2215410122.6143093,-162809325.36194038,1.026705805814968,1.1737818439749124,1.0120048395659322
2024-07-14,60748.80782384253,0.0,51175086880.350006,15706856794.08,0.0,0.0,646627194.0466311,2112655927.7509227,-213045118.87858522,1.026705805814968,1.1689533235366287,1.0069355101600879
2024-07-15,64816.93993186202,318958551.1220331,56575131905.060005,17324498343.24,318958551.1220331,23189560.17003606,965585745.1686642,2030667803.6806543,-248232805.37761855,1.1341775612804106,1.1672757813881875,1.005879986162098
2024-07-16,65172.116484995255,383589209.9850271,58136621999.96999,17799652714.67,383589209.9850271,-729548.5884958064,1349174955.1536913,1996467681.4525213,-287151329.8219446,1.1540367167099324,1.1670039670309202,1.0047426780682354
2024-07-17,64120.92026283931,160155456.46459004,58081255357.850006,17628114946.77,160155456.46459004,-722611.5283079098,1564070912.1365337,1983640701.919279,-329467233.1277547,1.1519255178228063,1.1666755359535914,1.0024920091485696
2024-07-18,63959.43004776685,3174974.6280374415,57103965381.46,17286922087.68,3174974.6280374415,-53732088.38308968,1661668590.7679613,1986736983.5936627,-374905038.79886997,1.1306446627341094,1.1650361564706397,1.0012938773150526
2024-07-19,66707.06780882782,331147558.7630052,60717965757.94,18274132812.57,331147558.7630052,-24656255.827274248,2134524712.50241,2027787470.940065,-408308615.15684426,1.197392915136795,1.1679424343447535,1.0009956672737181
2024-07-20,67204.95148327693,0.0,60717965757.94,18274132812.57,0.0,0.0,2225481156.312307,2073023606.7816205,-415256037.4093027,1.197392915136795,1.170930569132614,1.00001345528719
2024-07-21,68077.26588801136,0.0,60717965757.94,18274132812.57,0.0,0.0,2356320631.7810802,2124890902.3430839,-410720098.77774155,1.197392915136795,1.1740057596907894,1.000082476421584
2024-07-22,67614.90743512612,577419954.2494241,61594195957.85999,18567754315.34,577419954.2494241,18281337.41878038,2933740586.030504,2212622595.264038,-401389160.8348589,1.1948284277251782,1.176973125796399,1.0000883561811031
2024-07-23,65929.59089767156,-64584720.07235866,59914779532.270004,17817926293.57,-64584720.07235866,-730793.2474928738,2869155865.9581456,2293608493.0906,-392644478.69975257,1.1695994887178955,1.17835636877864,0.9999964297968384
2024-07-24,65399.019272727106,42625688.97239013,60058115989.73999,17836919234.26,42625688.97239013,-28084789.61163506,3019729679.894346,2382285529.7740593,-374356139.49487567,1.1708280874482033,1.1799179593769848,1.0050973201462667
2024-07-25,65726.34477302867,41803274.036316276,59100670417.19999,17542084056.48,41803274.036316276,-26549286.02102617,3112090904.247509,2474742664.2985916,-350319953.1530719,1.1489607257526901,1.1801424639649296,1.007451835729543
2024-07-26,67896.87874151561,15965021.599739794,62068222410.310005,18403838889.58,15965021.599739794,-42362382.73914095,3143232689.4984927,2566957407.8915806,-317348923.5512817,1.208890650266901,1.1844276273156313,1.0112366410551101
2024-07-27,68069.82457818405,0.0,62068222410.310005,18403838889.58,0.0,0.0,3116583910.1586843,2655152307.3267603,-281172740.872278,1.208890650266901,1.1887709367778496,1.0141092766081148
2024-07-28,68222.7149148794,0.0,62068222410.310005,18403838889.58,0.0,0.0,3070406034.0295506,2738307467.130743,-244132791.49088693,1.208890650266901,1.193157618540282,1.0186346525386862
2024-07-29,66805.98547582807,170159614.45006287,61570203166.130005,18173306518.27,170159614.45006287,-28508632.504831538,3240565648.4796133,2831027580.2578616,-211725503.95387745,1.1940547816529459,1.1966224824828362,1.0230927883815386
2024-07-30,66225.46961918261,5155030.913346525,60283791245.200005,15966236983.03,5155030.913346525,-1829865681.7620416,3245720679.39296,2922282937.6507845,-172624330.5030625,1.1588162770053092,1.1978344203419857,1.0274546166646197
2024-07-31,64687.83744332441,-99385880.00915986,60093389524.54001,15741057997.62,-99385880.00915986,-74086719.32037784,3010165127.6164856,2996351301.3145165,-141117844.89264202,1.1605953011699277,1.1992592906783652,1.0277514186371899
2024-08-01,65361.28985661052,146005844.4507863,58086141166.13,15291833813.06,146005844.4507863,-626403.5307840991,3134318037.34641,3076778996.3648195,-109150692.3348558,1.112821105312777,1.197700775457417,1.029565860979724
2024-08-02,61414.67039035184,-252875216.1192402,57252687653.58001,15026416447.41,-252875216.1192402,-71032379.30465683,2907565080.535402,3141714945.000784,2374761.12539649,1.1026613055243162,1.1963201568220743,1.0321564561314702
2024-08-03,60692.74655132834,0.0,57252687653.58001,15026416447.41,0.0,0.0,2888291251.7093534,3205630770.3866844,149446449.98730803,1.1026613055243162,1.195147362992164,1.0355777649146753
2024-08-04,58008.06048706078,0.0,57252687653.58001,15026416447.41,0.0,0.0,2774638551.3038864,3262534768.4949007,302276320.3885846,1.1026613055243162,1.1943363061282712,1.0429245376053944
2024-08-05,54017.787525387546,-155334470.58382145,48561349628.71,12797382378.48,-155334470.58382145,-40712058.026591115,2619304080.7200646,3310225207.8833156,478139367.5129757,0.9260651077955626,1.1936773465171564,1.0383461331947519
2024-08-06,56002.98786390631,-189453879.9223316,51485047619.78,13523664260.03,-189453879.9223316,-73815855.01660088,2429850200.7977333,3346746849.7583447,660633456.8552985,0.9905045303486362,1.1932244579470765,1.037857619246612
2024-08-07,55041.60392364597,147860862.3340175,49887155202.13,13002245423.17,147860862.3340175,-31599048.70686005,2325539498.326939,3377933472.3344855,824697081.0114689,0.9556084069737423,1.1929615739184711,1.0355339016576581
2024-08-08,61784.68076729787,223828677.2348165,54171320586.630005,14072621969.74,223828677.2348165,-33993583.9017198,2272925212.7962103,3407339009.841734,968604640.3501132,1.0375819650698734,1.1929127506087278,1.036450260608011
2024-08-09,60925.357310865016,-197491500.8636487,55110037572.81999,14192021701.85,-197491500.86364874,-187548477.1048635,2000713636.353509,3437956558.8020115,1084980118.5926657,1.0605065669860951,1.1931257156711785,1.0388796477358757
2024-08-10,60879.10477851424,0.0,55110037572.81999,14192021701.85,0.0,0.0,1880374119.878598,3474978679.965109,1177508421.5961468,1.0605065669860951,1.1935654621129668,1.0410354597351088
2024-08-11,58757.773428524335,0.0,55110037572.81999,14192021701.85,0.0,0.0,1608724051.6330323,3516680570.847928,1215525138.0424802,1.0605065669860951,1.1942392727764939,1.0426150331496569
2024-08-12,59342.120678938976,-36844105.33308226,53763076313.829994,13727924073.95,-36844105.33308226,-76604136.81406817,1571879946.2999501,3562558300.550252,1242706278.841526,1.034974031515703,1.195099586733694,1.042305934239172
2024-08-13,60595.34819049493,54196013.75937548,55277670056.88,14139900109.19,54196013.75937548,-12732351.025435153,1626075960.0593257,3612074139.7989225,1258487023.9937007,1.0634437847612548,1.1961656848315703,1.043689034737715
2024-08-14,58732.33657573327,-52759133.793362744,53677707742.68,13659065590.93,-52759133.793362744,-28321996.923360143,1254358275.1439297,3658905884.5225782,1230906781.2683954,1.0333064222316635,1.193991943154815,1.0391380338112206
2024-08-15,57619.46498654645,-18004885.194118932,52079077177.65001,13173139123.02,-18004885.194118932,-55492173.46733043,852764179.9647837,3678394803.6080375,1178323810.503676,1.0015945394801202,1.1903013922116505,1.032665772939064
2024-08-16,58921.33608236188,81442504.77894363,54353809920.23,13764892196.02,81442504.77894363,-26750955.588987846,774051228.2791374,3681760477.8652587,1122290157.3226285,1.0448322396019933,1.1865896103296552,1.0292380029396722
2024-08-17,59446.2624508841,0.0,54353809920.23,13764892196.02,0.0,0.0,770876253.6510999,3676924178.883643,1067740300.4964535,1.0448322396019933,1.184153913128151,1.0259528719323683
2024-08-18,58482.74531725411,0.0,54353809920.23,13764892196.02,0.0,0.0,439728694.8880947,3638808480.2832994,992869597.9225099,1.0448322396019933,1.1771422883686429,1.0227937849895568
2024-08-19,59569.72294939524,-3312023.51075108,53667561246.200005,13526295117.64,-3312023.51075108,-73679080.82773878,436416671.37734365,3593279314.5610757,919127797.9824023,1.0305488122642252,1.1699787133192983,1.0188344198473969
2024-08-20,59051.27748698387,40628474.679421894,54095926145.05,13635745632.9,40628474.679421894,-557954.3504221911,477045146.05676556,3537879487.1711235,849242592.9907339,1.0381172790292093,1.1626905688691547,1.0155041885570346
2024-08-21,61164.694416757906,91743709.71625587,55906366351.61,14099249271.59,91743709.71625587,-13819637.472559575,-8631098.476402685,3442333404.807266,748630563.0541308,1.0718925940861883,1.155486348973494,1.0145126862100953
2024-08-22,60388.15339234167,76135343.935027,55107478352.369995,13790659490.07,76135343.935027,-10189162.995169224,132088965.53098297,3349547294.6693416,658945546.496911,1.0560208039349495,1.1498593817496379,1.0125677411150886
2024-08-23,64033.18995774379,244447403.7725205,58305712837.76549,14539594686.38,244447403.7725205,-30590858.12416821,333910680.33111334,3245521443.200961,583916797.9944096,1.1143743542470215,1.146534995184091,1.012128545467223
2024-08-24,64120.173232814515,0.0,58305712837.76549,14539594686.38,0.0,0.0,292107406.29479706,3134146417.12575,507292924.2061062,1.1143743542470215,1.1447498457027723,1.011607936848164
2024-08-25,64308.38316617404,0.0,58305712837.76549,14539594686.38,0.0,0.0,276142384.6950573,3019596045.692827,430703941.9854672,1.1143743542470215,1.1392088855051326,1.010847810644479
2024-08-26,62929.60786265167,171231388.2918571,58182309422.03634,14419452889.48,171231388.2918571,-37115312.77380074,447373772.9869144,2905929321.8764925,366423323.323684,1.1080461347085584,1.1334783592169135,1.0098553692288077
2024-08-27,59545.84053510911,-107613199.44699538,57084879143.9227,14137040759.96,-107613199.44699538,-577519.620702607,339760573.539919,2794310324.443535,295999290.05733275,1.089273453338337,1.1267777631288174,1.0085814855216666
2024-08-28,59024.8230392339,-99490209.97401407,54494390032.56863,13387889965.18,-99490209.97401407,-17988745.47043934,70110749.11584207,2669910081.7256813,209035872.81760097,1.0419272862722786,1.119589655793446,1.0056277598316605
2024-08-29,59352.72903311219,-55574339.911531575,54550932614.118744,13466245693.26,-55574339.911531575,-8577600.759125218,9381378.29096397,2543742846.5708876,119447154.56559515,1.042661796543046,1.1147146176697735,1.0027591659245154
2024-08-30,59145.629964946354,-40500591.14238822,54195743260.24598,13322237472.5,-40500591.14238822,-23025691.992837273,68266667.15773562,2431770119.6219177,35293317.48398113,1.0374397865285694,1.1096128330128965,0.9996505829386353
2024-08-31,58971.65433649913,0.0,54195743260.24598,13322237472.5,0.0,0.0,-77739177.29305068,2309824827.023711,-56898537.56044245,1.0374397865285694,1.1075623556505982,0.9966756390486528
2024-09-01,57319.94854396987,0.0,54195743260.24598,13322237472.5,0.0,0.0,175136038.82618952,2202901389.312609,-132137035.96328819,1.0374397865285694,1.1054192436585868,0.9944706497742809
2024-09-02,59099.379977351666,-74933898.82143185,54026052136.03808,13322237472.5,-74933898.82143185,0.0,100202140.00475767,2097681455.3032582,-212789709.40091014,1.0349462816492148,1.1031634175019374,0.9922121410059238
2024-09-03,57469.42269851668,-317371955.93317604,52961039736.40573,13087439404.6,-317371955.93317604,-71429023.21125586,-217169815.92841837,2000209700.943616,-314771846.19008815,1.0192305307044909,1.100705961887263,0.9891075449659431
2024-09-04,57982.58721610005,-51020487.62363338,52823341599.372444,13050004172.61,-51020487.62363338,-50858956.787361905,-112855832.9682303,1913783736.160677,-410489875.6530355,1.0164978742734045,1.0984362765245934,0.9974060814271356
2024-09-05,56163.84947799361,-213055914.2853002,51048628456.14639,12557088591.64,-213055914.2853002,-33527130.148919042,-136457867.3311989,1840786838.8171506,-508580182.8514379,0.9863392736147295,1.0961776531408562,0.999387021028612
2024-09-06,53914.8198573214,-139281743.84278497,48735971024.38879,11969311655.53,-139281743.84278497,-22680974.793685902,-423600473.5080013,1774943559.1151772,-626012901.2717937,0.9420319833216747,1.0939470548689096,1.0007125243904211
2024-09-07,54174.6012164995,0.0,48735971024.38879,11969311655.53,0.0,0.0,-647429150.7428179,1712251611.8809738,-758011244.9401922,0.9420319833216747,1.0915958310232328,0.9966937494528848
2024-09-08,54796.31107072654,0.0,48735971024.38879,11969311655.53,0.0,0.0,-449937649.8791691,1650050394.1664836,-859186779.6412141,0.9420319833216747,1.08906892954809,0.9913223453503995
2024-09-09,57106.04884717565,-7401008.041196407,51611517605.675156,12721943402.94,-7401008.041196407,-57799938.59998587,-457338657.9203656,1583092544.073885,-948076448.0685463,0.999073536709918,1.0864305098430678,0.9898652297036765
2024-09-10,57626.38294112928,54035336.87187915,52392885170.137405,12887684406.8,54035336.87187915,-23622264.688456617,-403303321.0484864,1512570464.5561543,-1011689526.7295834,1.0138296182298001,1.0837026704603483,0.9894812725026427
2024-09-11,57388.93978316275,-42398434.54757346,52166707221.98365,12815056780.68,-42398434.54757346,-525220.5676713851,-408857650.2629776,1438629917.6449976,-1069798152.9226221,1.0107791880518817,1.0809387610007795,0.9906321923979569
2024-09-12,58121.31825597563,55895643.269321926,52704509867.7615,12972540477.13,55895643.269321926,-5183097.899314079,-407158020.75303113,1361341945.459591,-1128059112.7913723,1.0195118783668462,1.0780852183352765,0.9905569413038325
2024-09-13,60637.8903086522,242925444.5163592,54239255811.543495,13267867438.09,242925444.51635918,-7221605.139317051,-111473442.44330919,1282215524.1102257,-1139988139.2811565,1.0463113986427963,1.0761286593275872,0.993380498738931
2024-09-14,60001.45441498172,0.0,54239255811.543495,13267867438.09,0.0,0.0,-93468557.24919027,1202589300.580833,-1123444098.232695,1.0463113986427963,1.07429179511775,0.9981984868929463
2024-09-15,59207.19110176031,0.0,54239255811.543495,13267867438.09,0.0,0.0,-174911062.0281339,1122786474.1553845,-1106905424.494398,1.0463113986427963,1.072572279929224,1.0000166126841925
2024-09-16,58232.17974645846,34650702.95327854,52609381592.13811,12862304028.47,34650702.95327854,4879298.041430811,-140260359.07485536,1042961042.9792594,-1087822434.16667,1.0121598264023088,1.0702440123737726,1.000166719359665
2024-09-17,60304.89128411122,129997917.32022177,54736482015.41571,13306479146.38,129997917.32022175,-22048609.80972586,-10262441.75463359,966329925.5638024,-1041190725.8607284,1.05358181243601,1.0693006313703861,1.001693405218653
2024-09-18,61321.144118524906,-37755291.45004978,54769718687.05478,13323207114.81,-37755291.45004978,-545998.4092422462,-44705709.693932295,889925020.1368437,-996860645.8385215,1.0550925868946586,1.0686160801400673,1.0040142080910004
2024-09-19,62967.54702279856,138716125.4814526,57565755726.85471,14023818368.57,138716125.4814526,-9144678.440594535,53381941.10809842,822618112.1974345,-957797951.5623568,1.1074751420713254,1.071523607891599,1.0057305378756098
2024-09-20,63122.17999859899,67513567.32427198,57222239664.97543,13926814532.37,67513567.32427198,-571013.928445713,29151798.71611452,756923182.306687,-889584161.8587748,1.0987963898912199,1.0739592544287169,1.0050884777254938
2024-09-21,63486.442219854885,0.0,57222239664.97543,13926814532.37,0.0,0.0,-46983545.21891248,689392717.7215788,-833991864.6569929,1.0987963898912199,1.0764735710756423,1.0054258668089866
2024-09-22,63567.37010727487,0.0,57222239664.97543,13926814532.37,0.0,0.0,-291430948.991433,622463937.220152,-808752526.1104025,1.0987963898912199,1.076731750680651,1.0041291562469241
2024-09-23,63322.55139068968,37506462.930125184,57663380593.629654,14029315873.96,37506462.930125184,-1727458.1307544506,-253924486.06130785,558061769.6138322,-780752484.6611564,1.1067553962067591,1.0774905669139567,1.002862409477601
2024-09-24,64338.71249997447,131400084.67423956,58476191254.1894,14215551142.71,131400084.67423956,-41500151.11093073,-122524401.38706824,496542951.40649176,-745811452.1926243,1.1184220529121411,1.0789176447113045,1.0017051782579283
2024-09-25,63078.05080154701,106463762.47853906,57780521538.26064,13954642569.24,106463762.47853906,-573216.5701166216,-187292027.2003863,437144081.4176228,-728723635.5495753,1.1036010690816618,1.0796714277225936,1.0006550575381792
2024-09-26,65134.20923808443,339596081.8823727,59795330495.997795,14306059842.44,339596081.8823727,-586990.4393854742,259917254.12898177,407915112.15275186,-704817554.2454336,1.1377179297322115,1.083764445009354,0.9997916720110104
2024-09-27,65767.3370500298,454474534.89893806,60909877351.572,14505374890.21,454474534.89893806,-8441503.11238307,813881999.0019339,418313441.0454974,-665631133.1457729,1.1478859027542576,1.0900262145194555,1.0005938102663743
2024-09-28,65920.33716840837,0.0,60909877351.572,14505374890.21,0.0,0.0,869456338.9134655,435057019.64398885,-625036381.0360976,1.1478859027542576,1.096300128889836,1.0013348363100745
2024-09-29,65673.00463949695,0.0,60909877351.572,14505374890.21,0.0,0.0,909956930.0558537,456834202.3159291,-590700879.5148301,1.1478859027542576,1.1025881648140117,1.0024098748009447
2024-09-30,63245.67488637346,86978736.19582093,58885492711.24474,14030278653.11,86978736.19582093,23590126.55503567,996935666.2516747,486784836.70214045,-549006524.3313931,1.105510221636528,1.1060592785344237,1.00347679008773
2024-10-01,60895.04034291223,-264925345.9608024,57236410832.79044,13650931230.92,-264925345.96080238,-561084.1781237694,732010320.2908722,501491064.42457,-526587799.9561772,1.0797962878285199,1.107841535576186,1.004518299799298
2024-10-02,60649.18689501157,-30261794.755553428,55824850705.94195,13306295205.03,-30261794.755553428,-6302165.990430539,776682424.3567506,521521664.44844997,-501519714.35659087,1.0523926366164182,1.1081439916961653,1.0053789340104653
2024-10-03,60740.512269372426,-83733925.9420225,56204027636.691925,13464142580.04,-83733925.9420225,-28214819.592121907,1010320454.3479042,559088486.579469,-457253851.80252177,1.0597674763772644,1.1086945085279047,1.0075308802235774
2024-10-04,62104.674280311265,31492079.524184152,57633349897.79552,13766566340.71,31492079.524184152,-564156.9979330471,1092833021.4957216,603852225.4750363,-421638333.73382556,1.0885543809800273,1.11098360869629,1.010045547168967
2024-10-05,62075.343850140736,0.0,57633349897.79552,13766566340.71,0.0,0.0,1305888935.7810218,664068537.839642,-385698192.5576166,1.0885543809800273,1.1131637645861963,1.0146797317700806
2024-10-06,62824.62368955884,0.0,57633349897.79552,13766566340.71,0.0,0.0,1445170679.6238067,734548487.3701037,-331593398.5459577,1.0885543809800273,1.1151962027272062,1.0224154534729606
2024-10-07,62306.87463422899,211676890.79298383,58569865547.13791,13958456138.65,211676890.79298383,-15858329.120775623,1656847570.4167905,819824760.3338525,-263251223.43239927,1.1015654876281145,1.1180249551752468,1.0302222679786832
2024-10-08,62184.59412909599,-6788924.381882362,57568053212.547066,13709392441.77,-6788924.381882362,-561807.007990312,1650058646.0349083,905038054.9947187,-208464765.03232706,1.0820331547846367,1.119527633669501,1.0380530009152928
2024-10-09,60591.1857899384,-50741496.00100809,56523015723.41443,13427403594.18,-50741496.00100809,-9776038.235011654,1606718158.0750968,987666045.9713793,-153488968.2759567,1.0631920070957823,1.1209536246650083,1.0409015746121764
2024-10-10,60232.825862985264,-81520745.65267384,55153203596.083405,13137145985.65,-81520745.65267384,-538365.2370945014,1471162075.5505435,1061409811.4198277,-102268373.95113641,1.0370934171112378,1.1224573276023353,1.0409487916002784
2024-10-11,62401.4271592908,211249306.76347393,58539340391.009254,13868325661.2,211249306.76347393,-20116203.589755982,1724809816.861591,1151893504.2106109,-50507568.93361509,1.100153729890629,1.125118653338534,1.04424576865333
2024-10-12,63185.402645996015,0.0,58539340391.009254,13868325661.2,0.0,0.0,1668914173.5922692,1238603222.7684026,1187525.4649465084,1.100153729890629,1.1277391902468108,1.0470013551799715
2024-10-13,62799.2082591529,0.0,58539340391.009254,13868325661.2,0.0,0.0,1425988729.07591,1308927211.1874018,33361015.1472286,1.100153729890629,1.1295149977281647,1.0488150364484736
2024-10-14,66058.75896604046,479107739.5970743,61545755071.64736,14470343624.9,479107739.5970743,-24864868.510497723,1905096468.6729844,1410022457.4809742,65503437.2484678,1.1478318629874318,1.1344062322991029,1.0506918328338446
2024-10-15,67025.20275302984,387981589.9490031,62568872719.19071,14735812244.58,387981589.9490031,37708229.13590728,2293078058.6219873,1535295335.5152106,104763167.25757289,1.1569144790366082,1.1397817258051492,1.0526898780207186
2024-10-16,67642.15174768808,463907469.4257049,63766971995.505775,14913913630.03,463907469.4257049,7480178.9195870105,2722334825.0944138,1687017044.012672,143881137.7047298,1.1693351223200514,1.1465147224828112,1.0564352344042396
2024-10-17,67316.26328916375,430496386.07302815,63448839269.328545,14704724978.98,430496386.07302815,-603782.0534399335,3022833293.8472204,1854090670.312999,179013893.7778592,1.1540237793219275,1.1508999860848104,1.0587461019279687
2024-10-18,68446.84003451427,280693141.74572754,65698059788.32468,15153895108.27,280693141.74572754,46339948.77243641,3341281727.0429974,2040393621.3358774,218443438.53744268,1.1920046410706615,1.1575917351955416,1.0611818230956371
2024-10-19,68369.9047054396,0.0,65698059788.32468,15153895108.27,0.0,0.0,3202565601.561545,2206939824.089411,261842813.14747298,1.1920046410706615,1.1607744565878764,1.063634401636591
2024-10-20,68937.60773716363,0.0,65698059788.32468,15153895108.27,0.0,0.0,3135052034.2372727,2367191445.9159813,308651207.02231216,1.1920046410706615,1.164462089841802,1.0661606517946283
2024-10-21,67409.96019324688,321751820.25053024,64721136803.876465,14954756839.27,321751820.25053024,-1839064.2520409098,3456803854.487803,2549876812.1210823,359551667.4643264,1.1633444002671702,1.1662148487928066,1.0687110935353539
2024-10-22,67346.73406074244,-88642053.2154027,64779696474.24047,14888569913.42,-88642053.2154027,-5441242.251646926,3368161801.2724,2724969053.19403,428432276.4089675,1.1688126684905304,1.1682370542443075,1.071356639990474
2024-10-23,66678.70706327811,193914066.31353185,63516787915.86598,14644343928.09,193914066.31353185,-600265.060456399,3524569404.6558065,2906896843.383248,498404078.9342241,1.1382035023290433,1.1676446403482699,1.0740455942946634
2024-10-24,68170.20984258495,325006894.22732276,65838464017.13015,15054186475.08,325006894.22732276,-617539.9194615887,3718176214.2088904,3097766615.576144,563581014.4477236,1.1757632423056374,1.1687192170139489,1.0767937635885514
2024-10-25,66501.35095598946,376723665.247205,64883128427.88672,14718624178.82,376723665.247205,-7502439.092970142,3988436116.9775558,3302859857.5051413,636869648.7972572,1.1498918836135936,1.1690007288220132,1.0795983060826158
2024-10-26,67018.1550845578,0.0,64883128427.88672,14718624178.82,0.0,0.0,3648840035.0951834,3454412040.673007,711245651.0271375,1.1498918836135936,1.1670480838339439,1.0823625479961103
2024-10-27,67943.96759945866,0.0,64883128427.88672,14718624178.82,0.0,0.0,3194365500.196245,3536916369.3546276,787440222.4251385,1.1498918836135936,1.1645330769062077,1.085011286981136
2024-10-28,69842.8951779753,473763989.4555507,68049307324.77433,15348030012.51,473763989.4555507,-1887552.8640893442,3668129489.651796,3645146010.0168314,865788791.8121567,1.1973892799700812,1.16524647499001,1.0875981140450548
2024-10-29,72737.4266476475,858089839.053603,71744113522.94756,15996624665.2,858089839.053603,-656328.968725544,4526219328.705399,3804798742.61117,947220219.1277869,1.2445906596913048,1.169121899898881,1.0901696729319867
2024-10-30,72331.83093268512,895315618.4116257,71435698375.46133,15822427126.14,895315618.4116257,-17832454.290820435,5334556210.921204,4008916523.050035,1032277141.6668897,1.2154894124348665,1.1738357217810715,1.0927877971030189
2024-10-31,70251.01966183445,93339841.14377576,70467962408.02928,15408939437.15,93339841.14377575,-632500.489054455,5692821398.025782,4249687075.919626,1122227327.3129604,1.200213302309848,1.1791586646719263,1.0954926551775863
2024-11-01,69513.1578978095,-101123185.97186098,69529738148.27574,15227362576.24,-101123185.97186098,-31381327.496454705,5621960006.809474,4478123398.772515,1216809509.95692,1.1848104565873296,1.1848626601074006,1.0986165144068396
2024-11-02,69293.20514225149,0.0,69529738148.27574,15227362576.24,0.0,0.0,5705693932.751497,4692712911.124209,1315244896.1654656,1.1848104565873296,1.1902723590473474,1.1015430141475633
2024-11-03,68823.93585139522,0.0,69529738148.27574,15227362576.24,0.0,0.0,5674201853.227313,4895951358.167472,1417431037.904308,1.1848104565873296,1.1937360426038874,1.1044964022981767
2024-11-04,67762.77762825153,-369122778.23930985,67516020432.80352,14785571400.65,-369122778.23930985,-7187225.264117498,5305079074.988003,5057536955.335656,1522458116.6832564,1.1584276653650774,1.1954768087711447,1.1074138550899233
2024-11-05,69372.35710894185,-284943161.2228628,69257673039.6299,15192276861.44,-284943161.2228628,-66352538.96070521,5020135913.765141,5188945120.965009,1629380966.6633263,1.1952684720948583,1.1997178601721017,1.1102870764299548
2024-11-06,75638.9896651287,460498301.5619545,76239886179.97932,16676829868.8,460498301.5619545,-681392.859356071,5268957324.534111,5321376440.111696,1737756964.4577935,1.308796395649613,1.210607035584931,1.1132132948852251
2024-11-07,75958.46348126252,1495399167.763924,77174421453.8369,16791752263.13,1495399167.7639241,30364928.235414304,6771145416.679917,5551049459.832751,1849489729.4464066,1.2844194753242544,1.2211039216666613,1.116208830172803
2024-11-08,76544.7567005686,311139115.927242,78540921977.60861,16834719704.85,311139115.927242,6627003.811758084,7133026028.608168,5803890273.93019,1965069440.0511723,1.3049845043283446,1.2328480977730147,1.1205841538819534
2024-11-09,76707.99806089245,0.0,78540921977.60861,16834719704.85,0.0,0.0,7214546774.260841,6066904077.348209,2084947949.8805058,1.3049845043283446,1.2442687684503704,1.1270228890190719
2024-11-10,80424.63181659808,0.0,78540921977.60861,16834719704.85,0.0,0.0,7003297467.497367,6295430499.57958,2208320704.3581843,1.3049845043283446,1.2543311097388832,1.1306159326930734
2024-11-11,88766.33587988174,1065255829.1082176,89511952786.13785,19097553507.12,1065255829.1082176,-2346848.083186823,8068553296.605584,6593896390.048714,2336497422.0899396,1.4626104616390045,1.2745887205367459,1.134522104011769
2024-11-12,88223.58920371576,872808558.4852517,92940350424.84227,19649831398.82,872808558.4852517,24094523.359087788,8941361855.090836,6960102424.101848,2471316263.1044683,1.4972046274676571,1.2967712662050423,1.1388096181819416
2024-11-13,90445.53527526742,445191845.5511645,94784578010.04556,19691819598.85,445191845.5511645,-18646206.46064291,8907445961.044928,7286547122.060505,2611694864.637274,1.5204188518529087,1.317021699598656,1.1433983173793592
2024-11-14,87369.35520452945,-244891820.1422614,92525298665.46645,19200791070.44,-244891820.1422614,-787235.5560905371,8274572550.953663,7541030925.159053,2755977361.027503,1.4909909809151942,1.3344564633914944,1.148235320378427
2024-11-15,90932.81263441448,-368279893.7789022,95470877926.10492,19987091889.79,-368279893.7789022,-73516200.35359399,7442385187.749055,7709354613.858593,2902323696.504938,1.5460718482417046,1.3544912849760884,1.1533162805219432
2024-11-16,90562.41890709508,0.0,95470877926.10492,19987091889.79,0.0,0.0,7011888801.676026,7827883134.711716,3049732209.5070705,1.5460718482417046,1.3752228559805193,1.1587212474454969
2024-11-17,89804.7894210569,0.0,95470877926.10492,19987091889.79,0.0,0.0,6731195659.930299,7906464521.128571,3197145085.282704,1.5460718482417046,1.393181086031707,1.164367497872379
2024-11-18,90553.76577366955,110207342.10360754,95767200501.9932,19981254895.18,110207342.10360754,-24913132.591002695,6841403002.033907,8001096745.673295,3345102020.7694674,1.5480427130833005,1.4109690308800975,1.1703154244914977
2024-11-19,92238.19162229066,859783500.0976554,98169117063.81204,20211656136.57,859783500.0976554,5053433.301974269,7701186502.131562,8155926292.232403,3494681438.736648,1.5656541374893578,1.4296194693052928,1.1765749524942157
2024-11-20,94193.78083387876,810355909.5475526,99999334891.33861,20613908780.41,810355909.5475526,15647432.867281748,8189790591.428584,8320513546.353239,3645626633.745198,1.5694062993293563,1.450051274697069,1.1832139403732518
2024-11-21,98514.52741115144,1013213710.520628,105285918812.8767,21476956359.45,1013213710.5206279,-878531.5650017915,9291646355.164616,8561951886.266804,3799087264.091114,1.6260696718414616,1.4734658195694823,1.190283195724234
2024-11-22,98978.12401605133,537586519.2701128,106987377904.2607,21677134906.31,537586519.2701128,-8775556.69323043,9635318808.121197,8813283154.471083,3955139289.4511933,1.63819922911835,1.4992090042037127,1.197873059542624
2024-11-23,97658.10158317744,0.0,106987377904.2607,21677134906.31,0.0,0.0,9310311913.893875,9028094136.774345,4113137353.7935934,1.63819922911835,1.5219981008423709,1.2059130286914796
2024-11-24,97933.81557432354,0.0,106987377904.2607,21677134906.31,0.0,0.0,8933588248.64667,9198917965.66823,4271990333.677653,1.63819922911835,1.546020825248307,1.2144441273191942
2024-11-25,93049.01593785587,-314179785.1627187,102118436383.44812,20642288777.29,-314179785.1627187,-66627850.556729116,8619408463.48395,9369678830.290731,4432600697.614403,1.570007834156005,1.5650441877715742,1.223428494832088
2024-11-26,91957.6723228167,-258830107.8613388,98190664008.98633,19646744774.32,-258830107.8613388,-152668350.79671463,8360578355.622611,9550387401.877703,4596306316.389187,1.5148866706080226,1.5799894851626037,1.2328161832406868
2024-11-27,95981.58055424392,14866351.62247473,102863691091.8383,20826359741.56,14866351.62247473,-39225029.10361934,7901680717.789535,9667324222.670546,4761606244.138863,1.5828085766209796,1.5959231766202475,1.2425771115597695
2024-11-28,95651.19644955784,54490061.754130825,104301576602.84492,20826359741.56,54490061.754130825,0.0,7098080940.490063,9688116381.91242,4912271525.682632,1.609690347528429,1.6102040109004179,1.2526362564687412
2024-11-29,97447.13236798394,,,,,,,,,,,
2024-11-30,96514.05270971672,,,,,,,,,,,
